experiment,variable,bleu4,rougeL,bertscore,radcliqv1,ratescore,f1chexbert,f1radgraph,green,clear_label_presence,clear_severity,clear_descriptive_location,clear_recommendation
Core,Standard RAG,0.045572225267633555,0.19459075890770622,0.8475215610910635,0.6945557174299868,0.5142640642729407,0.4745393040475008,0.1821351614926484,0.21384134990692363,0.5548399687743949,0.3046448087431694,0.2561958269515875,0.1387405388123299
Core,Label Filter only,0.03822476977455862,0.2009869063426297,0.8481440710239723,0.7310814309129466,0.5073986692023028,0.4346391313604428,0.1992102531847789,0.22286092777896055,0.5517481607645541,0.29508196721311475,0.2387257501310564,0.17653206578918895
Core,Label Format only,0.04535850905244535,0.19554087005114149,0.8473831014555009,0.7091515518863866,0.5154245043189115,0.469712982827737,0.19436622389640348,0.2115292266931611,0.5181265910774108,0.33333333333333337,0.25653802345485294,0.18165138620417545
Core,LaB-RAG,0.03167496022184661,0.1976779082386333,0.8486657465090517,0.7256926718655781,0.4961713253820461,0.4491803278688525,0.19439949417451008,0.20212901852246115,0.534260639178672,0.2568306010928962,0.20765650053780876,0.1734418464247572
Filter,No-filter,0.04535850905244535,0.19554087005114149,0.8473831014555009,0.7091515518863866,0.5154245043189115,0.469712982827737,0.19436622389640348,0.2115292266931611,0.5181265910774108,0.33333333333333337,0.25653802345485294,0.18165138620417545
Filter,Exact,0.03167496022184661,0.1976779082386333,0.8486657465090517,0.7256926718655781,0.4961713253820461,0.4491803278688525,0.19439949417451008,0.20212901852246115,0.534260639178672,0.2568306010928962,0.20765650053780876,0.1734418464247572
Filter,Partial,0.03678399674354084,0.20052361043179143,0.8483191230258004,0.7192493245130737,0.5011863365352153,0.45655983360901403,0.19896163372905631,0.21592505854800936,0.5296666903224281,0.31612021857923495,0.22649784476654197,0.15161748135003053
Prompt,Naive,0.03822476977455862,0.2009869063426297,0.8481440710239723,0.7310814309129466,0.5073986692023028,0.4346391313604428,0.1992102531847789,0.22286092777896055,0.5517481607645541,0.29508196721311475,0.2387257501310564,0.17653206578918895
Prompt,Simple,0.03167496022184661,0.1976779082386333,0.8486657465090517,0.7256926718655781,0.4961713253820461,0.4491803278688525,0.19439949417451008,0.20212901852246115,0.534260639178672,0.2568306010928962,0.20765650053780876,0.1734418464247572
Prompt,Verbose,0.042005311978696495,0.20437368487189284,0.8507040191869266,0.7372193798332632,0.5095195261620401,0.466679677335415,0.20885609468090355,0.22885234073758662,0.5239692001987084,0.2622950819672131,0.22141531156558478,0.15379969035406263
Prompt,Instruct,0.04370850534281479,0.206046613152499,0.8498813226574757,0.7305075184537736,0.5161528534320898,0.44844226811439936,0.19334742840233451,0.19794490573179097,0.5091500484943108,0.20765027322404372,0.22133498281722325,0.12557369506806185
Language Model,Mistral-v1,0.025540669017242005,0.14066189888450736,0.8204157723755133,0.5527736269240505,0.4645333812561923,0.3901622057359762,0.17225804140470513,0.22703989999071966,0.42978142076502734,0.29508196721311475,0.22388123596542528,0.15729209068628522
Language Model,BioMistral,0.034096925948055294,0.194788842576013,0.8475233619330359,0.7186862409393103,0.49475023487027425,0.43152485037730937,0.17823482053224762,0.2080673879854208,0.5034383649137748,0.3579234972677595,0.2124175909807539,0.20032691664191626
Language Model,Mistral-v3,0.03167496022184661,0.1976779082386333,0.8486657465090517,0.7256926718655781,0.4961713253820461,0.4491803278688525,0.19439949417451008,0.20212901852246115,0.534260639178672,0.2568306010928962,0.20765650053780876,0.1734418464247572
Embedding Model,GLoRIA,0.03167496022184661,0.1976779082386333,0.8486657465090517,0.7256926718655781,0.4961713253820461,0.4491803278688525,0.19439949417451008,0.20212901852246115,0.534260639178672,0.2568306010928962,0.20765650053780876,0.1734418464247572
Embedding Model,ResNet50,0.014604321553217588,0.15710664344547715,0.8395627053057562,0.5892153053664778,0.4922615357650215,0.44797151846332184,0.1500201479086294,0.12217036151462381,0.5122152892644695,0.21994535519125682,0.18518861791097194,0.10105495027132452
Label Quality,Extracted - CheXbert,0.047110449507073444,0.21712032470907314,0.8544325339989584,0.9577978067515427,0.558456327234066,0.9366520546848416,0.2500277705400063,0.27817460317460313,0.7585214421279993,0.3896174863387978,0.3081658084990856,0.23092265813038743
Label Quality,Extracted - CheXpert,0.04739889430529433,0.2119327653648724,0.8513064677598047,0.86036725837423,0.5385821872397046,0.7399273768126226,0.22324992259328547,0.26159368864286897,0.7604686752227734,0.41502732240437157,0.300558385938589,0.2015574316467471
Label Quality,Predicted - CheXbert,0.03167496022184661,0.1976779082386333,0.8486657465090517,0.7256926718655781,0.4961713253820461,0.4491803278688525,0.19439949417451008,0.20212901852246115,0.534260639178672,0.2568306010928962,0.20765650053780876,0.1734418464247572
Label Quality,Predicted - CheXpert,0.05020391230317059,0.21239578013800578,0.8507393383588947,0.735328056593898,0.5123819201376304,0.46123120959186537,0.21353966197829702,0.23531095498308613,0.5471293733588817,0.27459016393442626,0.23712465482836742,0.12419283714332902
Retrieved Samples,3,0.040965387638328875,0.2059935370380406,0.8493806582982423,0.7339437975315516,0.5004095874530736,0.4375487900078064,0.19814436183264317,0.22449494949494947,0.5283159463487334,0.26502732240437155,0.221116997383656,0.175279349983889
Retrieved Samples,5,0.03167496022184661,0.1976779082386333,0.8486657465090517,0.7256926718655781,0.4961713253820461,0.4491803278688525,0.19439949417451008,0.20212901852246115,0.534260639178672,0.2568306010928962,0.20765650053780876,0.1734418464247572
Retrieved Samples,10,0.040222500107919244,0.20568896402300324,0.8490942042382037,0.7395138442450032,0.49754237152367153,0.4512099921935987,0.19606923789769287,0.21698601944503582,0.5195822392543703,0.30874316939890706,0.20092397236322015,0.1624036052450084
